{
  "-7726074026840509480": {
    "result": [],
    "timestamp": 1769136396.9406428,
    "execution_time": 0.11361932754516602
  },
  "-5100730586274813194": {
    "result": [],
    "timestamp": 1769136402.110997,
    "execution_time": 0.04903674125671387
  }
}